Variable,Units,Group,City of Toronto,Agincourt North,Agincourt South-Malvern West,Alderwood,Annex,Banbury-Don Mills,Bathurst Manor,Bay Street Corridor,Bayview Village,Bayview Woods-Steeles,Bedford Park-Nortown,Beechborough-Greenbrook,Bendale,Birchcliffe-Cliffside,Black Creek,Blake-Jones,Briar Hill-Belgravia,Bridle Path-Sunnybrook-York Mills,Broadview North,Brookhaven-Amesbury,Cabbagetown-South St.James Town,Caledonia-Fairbank,Casa Loma,Centennial Scarborough,Church-Yonge Corridor,Clairlea-Birchmount,Clanton Park,Cliffcrest,Corso Italia-Davenport,Danforth,Danforth East York,Don Valley Village,Dorset Park,Dovercourt-Wallace Emerson-Junction,Downsview-Roding-CFB,Dufferin Grove,East End-Danforth,Edenbridge-Humber Valley,Eglinton East,Elms-Old Rexdale,Englemount-Lawrence,Eringate-Centennial-West Deane,Etobicoke West Mall,Flemingdon Park,Forest Hill North,Forest Hill South,Glenfield-Jane Heights,Greenwood-Coxwell,Guildwood,Henry Farm,High Park North,High Park-Swansea,Highland Creek,Hillcrest Village,Humber Heights-Westmount,Humber Summit,Humbermede,Humewood-Cedarvale,Ionview,Islington-City Centre West,Junction Area,Keelesdale-Eglinton West,Kennedy Park,Kensington-Chinatown,Kingsview Village-The Westway,Kingsway South,L'Amoreaux,Lambton Baby Point,Lansing-Westgate,Lawrence Park North,Lawrence Park South,Leaside-Bennington,Little Portugal,Long Branch,Malvern,Maple Leaf,Markland Wood,Milliken,Mimico (includes Humber Bay Shores),Morningside,Moss Park,Mount Dennis,Mount Olive-Silverstone-Jamestown,Mount Pleasant East,Mount Pleasant West,New Toronto,Newtonbrook East,Newtonbrook West,Niagara,North Riverdale,North St.James Town,O'Connor-Parkview,Oakridge,Oakwood Village,Old East York,Palmerston-Little Italy,Parkwoods-Donalda,Pelmo Park-Humberlea,Playter Estates-Danforth,Pleasant View,Princess-Rosethorn,Regent Park,Rexdale-Kipling,Rockcliffe-Smythe,Roncesvalles,Rosedale-Moore Park,Rouge,Runnymede-Bloor West Village,Rustic,Scarborough Village,South Parkdale,South Riverdale,St.Andrew-Windfields,Steeles,Stonegate-Queensway,Tam O'Shanter-Sullivan,Taylor-Massey,The Beaches,Thistletown-Beaumond Heights,Thorncliffe Park,Trinity-Bellwoods,University,Victoria Village,Waterfront Communities-The Island,West Hill,West Humber-Clairville,Westminster-Branson,Weston,Weston-Pellam Park,Wexford/Maryvale,Willowdale East,Willowdale West,Willowridge-Martingrove-Richview,Woburn,Woodbine Corridor,Woodbine-Lumsden,Wychwood,Yonge-Eglinton,Yonge-St.Clair,York University Heights,Yorkdale-Glen Park
Population,#,,2731571,29113,23757,12054,30526,27695,15873,25797,21396,13154,23236,6577,29960,22291,21737,7727,14257,9266,11499,17757,11669,9955,10968,13362,31340,26984,16472,15935,14133,9666,17180,27051,25003,36625,35052,11785,21381,15535,22776,9456,22372,18588,11848,21933,12806,10732,30491,14417,9917,15723,22162,23925,12494,16934,10948,12416,15545,14365,13641,43965,14366,11058,17123,17945,22000,9271,43993,7985,16164,14607,15179,16828,15559,10084,43794,10111,10554,26572,33964,17455,20506,13593,32954,16775,29658,11463,16097,23831,31180,11916,18615,18675,13845,21210,9233,13826,34805,10722,7804,15818,11051,10803,10529,22246,14974,20923,46496,10070,9941,16724,21849,27876,17812,24623,25051,27446,15683,21567,10360,21108,16556,7607,17510,65913,27392,33312,26274,17992,11098,27917,50434,16936,22156,53485,12541,7865,14349,11817,12528,27593,14804
Households,#,,1112930,9125,8140,4620,15925,12125,6095,15075,9530,4695,8610,2650,10760,9200,7330,3130,5740,3240,5665,6485,6435,3680,5405,4375,19670,9245,6555,5905,5490,3925,7020,9965,8780,15320,13120,5435,9185,6260,7915,3220,8250,6860,4585,7830,5450,4950,9925,6055,3990,6360,11020,10880,3700,6400,4135,3900,5055,6570,5170,19320,6030,4180,6570,8740,7785,3580,15035,3120,6590,5415,5750,6435,7425,4820,13430,3555,4305,7685,17775,5880,11555,5180,9880,7435,17495,5370,6115,8960,18780,5010,9560,7465,5285,8680,3785,6330,13320,3710,3575,5520,3865,4960,3845,9060,6885,10050,13390,3815,3650,5925,11390,12065,6425,7815,10375,10060,6270,9430,3280,7120,6915,3395,7410,40750,9985,10280,10235,7595,4225,10110,22305,7545,8510,18445,5450,3455,5890,5680,7020,10165,5345
Population change (2011 to 2016),%,,0.045,-0.039,0.08,0.013,0.046,0.029,0.028,0.333,0.211,-0.028,0.002,0.014,0.075,0.02,-0.015,-0.005,-0.003,0.063,-0.006,-0.002,-0.032,0.011,0.046,0.021,0.106,0.089,0.127,0.015,0.028,0.024,0.028,0.012,0.026,0.058,0.011,0.029,0.026,0.04,-0.002,-0.01,0.013,-0.012,0.084,-0.011,0.027,-0.018,-0.029,0.024,0.01,0.387,0.041,0.101,-0.046,-0.041,0.034,-0.009,-0.019,0.018,0.042,0.154,0.024,0.039,0.004,-0.03,0.013,0.011,-0.021,0.008,0.104,0.005,0.007,-0.011,0.291,0.047,-0.029,-0.008,0.011,-0.022,0.28,-0.008,0.258,0.034,0.005,0.05,0.037,0.052,-0.02,0.034,0.466,-0.023,0.044,0.02,0.026,0.007,0.013,0.006,0.005,0.231,0.02,-0.02,-0.013,0.08,0.004,-0.001,-0.005,0.014,0.013,0.045,-0.001,0.007,0.028,0.087,-0.008,-0.016,0.015,0.002,0.006,0.021,0.022,0.098,-0.015,-0.022,0.019,0.52,0.032,-0.023,0.033,-0.01,-0.076,0.033,0.12,0.129,0.038,0.003,0.072,0.005,0.026,0.117,0.075,-0.004,0.008
Population density,people per square kilometer,,4334,3929,3034,2435,10863,2775,3377,14097,4195,3240,4209,3614,4011,3765,6282,8134,7791,1040,6764,5045,8335,6464,5683,2479,23044,3632,3979,2273,7478,8554,7881,6441,4146,9819,2337,8540,8038,2840,7051,3306,6466,2171,6582,9026,8054,4380,5864,8582,2673,6047,11726,4893,2403,3148,3981,1570,3565,7682,7031,2712,5442,6467,4770,11806,4356,3593,6144,4697,3038,6407,4685,3596,12859,4584,4948,4012,3614,2830,4915,3041,14753,6442,7291,5411,21969,3342,3926,5070,10156,6770,44321,3780,7444,9511,3997,9601,4691,2547,8671,5273,2138,16880,4229,4414,9851,4500,1260,6333,4734,5395,9583,3136,2430,5436,3199,5073,15528,6058,3130,6787,9570,5395,3710,8943,2856,1117,7339,7197,7601,2724,10087,5820,4007,4345,7838,6722,8541,7162,10708,2086,2451
Tenants with unaffordable housing,%,,0.468,0.48,0.478,0.428,0.502,0.462,0.489,0.603,0.563,0.542,0.443,0.39,0.509,0.448,0.408,0.445,0.389,0.356,0.483,0.476,0.488,0.442,0.467,0.382,0.495,0.471,0.442,0.478,0.481,0.499,0.494,0.495,0.435,0.492,0.42,0.49,0.466,0.411,0.402,0.429,0.421,0.366,0.465,0.492,0.467,0.485,0.407,0.476,0.508,0.553,0.446,0.383,0.427,0.57,0.427,0.427,0.477,0.453,0.387,0.429,0.42,0.488,0.371,0.51,0.446,0.456,0.448,0.349,0.53,0.447,0.444,0.424,0.472,0.445,0.442,0.397,0.392,0.502,0.494,0.489,0.436,0.454,0.421,0.475,0.464,0.508,0.644,0.588,0.441,0.375,0.451,0.509,0.451,0.497,0.46,0.448,0.455,0.462,0.526,0.46,0.437,0.382,0.454,0.447,0.505,0.46,0.4,0.375,0.401,0.478,0.511,0.417,0.467,0.506,0.44,0.481,0.493,0.431,0.426,0.519,0.446,0.592,0.474,0.431,0.411,0.421,0.529,0.513,0.417,0.47,0.6,0.568,0.481,0.436,0.429,0.569,0.478,0.438,0.472,0.487,0.39
Low-income measure after tax,%,,0.202,0.213,0.226,0.082,0.183,0.137,0.17,0.377,0.237,0.184,0.094,0.28,0.234,0.145,0.33,0.245,0.17,0.088,0.226,0.247,0.208,0.142,0.125,0.062,0.26,0.195,0.149,0.179,0.134,0.142,0.136,0.235,0.223,0.171,0.193,0.18,0.188,0.105,0.26,0.232,0.213,0.097,0.183,0.347,0.155,0.107,0.257,0.197,0.077,0.296,0.165,0.111,0.105,0.219,0.146,0.197,0.227,0.157,0.233,0.158,0.135,0.183,0.263,0.332,0.249,0.045,0.235,0.185,0.176,0.067,0.073,0.068,0.156,0.176,0.204,0.152,0.083,0.221,0.182,0.238,0.32,0.253,0.279,0.103,0.208,0.248,0.274,0.263,0.138,0.109,0.365,0.225,0.426,0.186,0.135,0.138,0.206,0.114,0.136,0.175,0.072,0.423,0.186,0.228,0.199,0.102,0.095,0.069,0.317,0.324,0.305,0.187,0.159,0.21,0.116,0.238,0.329,0.094,0.178,0.455,0.147,0.224,0.259,0.165,0.252,0.158,0.244,0.296,0.204,0.192,0.303,0.271,0.15,0.272,0.158,0.152,0.167,0.12,0.129,0.244,0.167
Visible minority population,%,Arab,0.013,0.01,0.013,0.007,0.01,0.02,0.01,0.051,0.017,0.01,0.004,0.011,0.012,0.005,0.033,0.006,0.003,0.004,0.011,0.003,0.01,0,0.006,0.013,0.021,0.006,0.009,0.005,0.003,0.003,0.006,0.033,0.033,0.005,0.007,0.008,0.007,0.007,0.011,0.004,0.004,0.008,0.015,0.017,0.005,0.004,0.011,0.006,0.003,0.051,0.01,0.006,0.007,0.011,0.005,0.017,0.01,0.008,0.017,0.016,0.002,0.002,0.01,0.017,0.013,0.002,0.023,0.005,0.012,0.001,0.002,0.005,0.004,0.005,0.008,0.004,0.004,0.006,0.01,0.008,0.014,0.006,0.081,0.004,0.014,0.008,0.01,0.004,0.016,0.001,0.022,0.008,0.009,0.005,0.003,0.004,0.044,0.005,0.005,0.026,0.002,0.023,0.011,0.007,0.004,0.008,0.009,0.002,0.005,0.009,0.008,0.006,0.01,0.021,0.004,0.021,0.007,0.004,0.038,0.033,0.004,0.006,0.062,0.022,0.004,0.007,0.01,0.007,0.007,0.043,0.026,0.011,0.006,0.012,0.003,0.006,0.007,0.009,0.01,0.01,0.004
Visible minority population,%,Black,0.089,0.046,0.066,0.025,0.033,0.036,0.035,0.03,0.036,0.042,0.014,0.325,0.066,0.041,0.293,0.124,0.082,0.013,0.05,0.269,0.046,0.087,0.026,0.071,0.048,0.102,0.034,0.063,0.046,0.035,0.041,0.048,0.09,0.058,0.156,0.051,0.061,0.052,0.185,0.31,0.105,0.053,0.069,0.097,0.039,0.019,0.244,0.065,0.065,0.052,0.035,0.037,0.124,0.037,0.114,0.148,0.221,0.05,0.125,0.071,0.039,0.108,0.125,0.05,0.243,0.009,0.083,0.105,0.025,0.015,0.016,0.017,0.043,0.047,0.19,0.08,0.017,0.041,0.052,0.179,0.14,0.329,0.256,0.028,0.041,0.111,0.013,0.021,0.054,0.028,0.115,0.101,0.184,0.13,0.029,0.024,0.113,0.112,0.025,0.047,0.014,0.137,0.142,0.153,0.052,0.019,0.142,0.021,0.354,0.203,0.102,0.051,0.037,0.025,0.023,0.069,0.099,0.016,0.162,0.053,0.02,0.027,0.121,0.056,0.216,0.19,0.04,0.342,0.113,0.075,0.023,0.013,0.134,0.11,0.062,0.061,0.065,0.025,0.019,0.189,0.104
Visible minority population,%,East Asian,0.132,0.576,0.481,0.031,0.105,0.2,0.064,0.356,0.364,0.406,0.056,0.02,0.164,0.065,0.039,0.13,0.032,0.18,0.054,0.029,0.077,0.028,0.056,0.063,0.156,0.092,0.044,0.058,0.04,0.102,0.113,0.296,0.116,0.097,0.027,0.088,0.08,0.049,0.045,0.024,0.027,0.069,0.058,0.06,0.034,0.051,0.039,0.16,0.044,0.227,0.063,0.05,0.09,0.528,0.023,0.015,0.031,0.04,0.047,0.085,0.076,0.02,0.068,0.38,0.03,0.052,0.379,0.029,0.167,0.112,0.069,0.078,0.115,0.023,0.077,0.021,0.052,0.719,0.071,0.059,0.093,0.038,0.011,0.082,0.086,0.04,0.439,0.21,0.096,0.119,0.071,0.048,0.056,0.054,0.094,0.106,0.106,0.026,0.088,0.379,0.07,0.136,0.02,0.027,0.049,0.077,0.049,0.061,0.014,0.026,0.041,0.227,0.272,0.739,0.038,0.336,0.057,0.039,0.016,0.028,0.208,0.166,0.056,0.162,0.03,0.018,0.069,0.027,0.029,0.079,0.456,0.344,0.046,0.076,0.094,0.11,0.075,0.114,0.067,0.07,0.067
Visible minority population,%,Latin American,0.029,0.006,0.01,0.015,0.014,0.013,0.037,0.018,0.019,0.012,0.015,0.053,0.018,0.01,0.083,0.01,0.065,0.007,0.022,0.106,0.024,0.083,0.021,0.009,0.023,0.014,0.016,0.009,0.08,0.009,0.018,0.021,0.011,0.042,0.103,0.042,0.013,0.044,0.018,0.081,0.025,0.022,0.039,0.018,0.033,0.013,0.122,0.014,0.012,0.023,0.032,0.02,0.016,0.013,0.048,0.072,0.118,0.037,0.017,0.031,0.035,0.082,0.015,0.018,0.045,0.006,0.01,0.019,0.015,0.007,0.007,0.008,0.03,0.025,0.018,0.065,0.013,0.001,0.03,0.02,0.021,0.104,0.033,0.017,0.033,0.026,0.011,0.015,0.033,0.011,0.034,0.018,0.011,0.063,0.012,0.017,0.03,0.076,0.016,0.009,0.015,0.027,0.082,0.099,0.02,0.013,0.011,0.012,0.075,0.017,0.025,0.011,0.017,0.001,0.016,0.013,0.014,0.01,0.065,0.015,0.012,0.018,0.025,0.021,0.021,0.04,0.017,0.079,0.07,0.022,0.016,0.011,0.042,0.014,0.011,0.02,0.034,0.019,0.013,0.064,0.051
Visible minority population,%,Multiple visible minorities,0.018,0.022,0.021,0.015,0.017,0.017,0.009,0.014,0.02,0.021,0.007,0.015,0.025,0.016,0.037,0.011,0.009,0.012,0.013,0.026,0.013,0.019,0.009,0.017,0.02,0.015,0.025,0.018,0.013,0.013,0.014,0.019,0.022,0.018,0.026,0.014,0.011,0.009,0.02,0.026,0.019,0.015,0.009,0.02,0.009,0.01,0.036,0.026,0.017,0.024,0.012,0.012,0.022,0.012,0.018,0.014,0.019,0.014,0.024,0.012,0.017,0.019,0.028,0.015,0.019,0.01,0.018,0.015,0.012,0.015,0.012,0.01,0.016,0.008,0.032,0.01,0.003,0.021,0.013,0.021,0.017,0.021,0.019,0.013,0.009,0.016,0.014,0.015,0.02,0.016,0.018,0.012,0.021,0.021,0.012,0.01,0.02,0.016,0.009,0.015,0.009,0.024,0.016,0.018,0.012,0.009,0.028,0.007,0.025,0.024,0.026,0.02,0.013,0.018,0.011,0.024,0.015,0.012,0.016,0.019,0.01,0.012,0.018,0.019,0.026,0.021,0.011,0.022,0.023,0.019,0.016,0.013,0.012,0.019,0.018,0.014,0.02,0.012,0.01,0.022,0.025
Visible minority population,%,Not a visible minority,0.485,0.086,0.141,0.793,0.747,0.529,0.652,0.378,0.314,0.348,0.79,0.41,0.276,0.735,0.191,0.615,0.543,0.698,0.724,0.343,0.711,0.638,0.829,0.564,0.59,0.387,0.616,0.584,0.75,0.741,0.702,0.291,0.223,0.661,0.427,0.69,0.692,0.789,0.219,0.327,0.596,0.723,0.606,0.214,0.718,0.832,0.234,0.609,0.703,0.234,0.763,0.809,0.256,0.244,0.728,0.344,0.229,0.712,0.269,0.629,0.705,0.575,0.305,0.398,0.402,0.879,0.229,0.755,0.569,0.787,0.831,0.824,0.717,0.771,0.105,0.564,0.867,0.035,0.688,0.25,0.574,0.321,0.133,0.771,0.664,0.68,0.278,0.415,0.649,0.76,0.331,0.623,0.247,0.568,0.733,0.786,0.451,0.563,0.796,0.358,0.81,0.3,0.482,0.54,0.745,0.819,0.19,0.841,0.404,0.266,0.519,0.585,0.494,0.091,0.816,0.248,0.331,0.861,0.357,0.208,0.703,0.67,0.409,0.56,0.367,0.181,0.552,0.392,0.621,0.445,0.25,0.422,0.599,0.236,0.728,0.69,0.725,0.733,0.792,0.306,0.548
Visible minority population,%,South Asian,0.126,0.184,0.179,0.045,0.039,0.105,0.035,0.095,0.064,0.053,0.02,0.052,0.285,0.065,0.098,0.058,0.029,0.041,0.056,0.067,0.048,0.023,0.033,0.186,0.083,0.234,0.024,0.19,0.023,0.073,0.06,0.108,0.297,0.058,0.039,0.057,0.081,0.026,0.291,0.089,0.017,0.069,0.102,0.349,0.013,0.023,0.071,0.074,0.084,0.214,0.044,0.034,0.362,0.09,0.032,0.289,0.211,0.022,0.274,0.082,0.037,0.083,0.244,0.044,0.165,0.022,0.166,0.034,0.063,0.024,0.021,0.027,0.03,0.033,0.399,0.1,0.022,0.118,0.056,0.301,0.071,0.038,0.338,0.041,0.066,0.052,0.048,0.043,0.073,0.035,0.205,0.094,0.353,0.03,0.032,0.029,0.104,0.07,0.031,0.083,0.053,0.259,0.137,0.045,0.056,0.029,0.438,0.024,0.043,0.336,0.089,0.043,0.061,0.064,0.037,0.174,0.386,0.03,0.252,0.472,0.017,0.059,0.174,0.103,0.188,0.423,0.028,0.043,0.037,0.152,0.067,0.052,0.106,0.406,0.049,0.044,0.019,0.038,0.046,0.152,0.062
Visible minority population,%,Southeast Asian,0.072,0.058,0.061,0.056,0.019,0.046,0.135,0.028,0.046,0.024,0.081,0.096,0.11,0.05,0.163,0.019,0.226,0.01,0.052,0.132,0.056,0.106,0.013,0.063,0.035,0.129,0.215,0.053,0.033,0.016,0.034,0.088,0.152,0.044,0.189,0.035,0.037,0.017,0.142,0.088,0.19,0.03,0.069,0.114,0.127,0.039,0.182,0.034,0.058,0.084,0.026,0.024,0.071,0.023,0.019,0.063,0.126,0.107,0.186,0.05,0.072,0.099,0.165,0.059,0.043,0.015,0.064,0.026,0.071,0.026,0.023,0.019,0.034,0.053,0.115,0.149,0.014,0.048,0.047,0.121,0.041,0.114,0.043,0.027,0.04,0.045,0.037,0.192,0.038,0.021,0.167,0.066,0.059,0.109,0.067,0.013,0.076,0.111,0.02,0.047,0.015,0.065,0.066,0.093,0.041,0.012,0.095,0.019,0.063,0.062,0.106,0.045,0.026,0.032,0.032,0.085,0.055,0.018,0.042,0.077,0.019,0.033,0.078,0.031,0.094,0.064,0.234,0.064,0.073,0.131,0.024,0.026,0.034,0.083,0.025,0.044,0.046,0.031,0.023,0.146,0.117
Visible minority population,%,"Visible minority, n.i.e.",0.014,0.008,0.012,0.012,0.004,0.006,0.006,0.006,0.005,0.004,0,0.021,0.016,0.007,0.036,0.009,0.008,0.001,0.007,0.017,0.009,0.015,0.004,0.009,0.007,0.014,0.007,0.011,0.005,0.005,0.004,0.005,0.023,0.012,0.011,0.013,0.01,0.006,0.043,0.022,0.009,0.004,0.01,0.012,0.006,0.001,0.048,0.005,0.01,0.011,0.006,0.005,0.043,0.004,0.009,0.019,0.026,0.006,0.03,0.013,0.015,0.005,0.032,0.008,0.015,0,0.01,0.006,0.005,0.001,0.003,0.003,0.006,0.022,0.041,0.006,0.003,0.006,0.023,0.026,0.012,0.021,0.044,0.003,0.007,0.019,0.001,0.005,0.01,0.006,0.017,0.006,0.018,0.012,0.007,0.005,0.012,0.013,0.007,0.005,0.004,0.01,0.023,0.015,0.02,0.003,0.027,0.007,0.012,0.023,0.077,0.006,0.005,0.005,0.016,0.014,0.018,0.007,0.028,0.008,0.004,0.003,0.015,0.007,0.034,0.047,0.006,0.016,0.025,0.014,0.003,0.004,0.015,0.019,0.004,0.01,0.005,0.004,0.005,0.019,0.017
Visible minority population,%,West Asian,0.022,0.004,0.016,0.002,0.012,0.028,0.017,0.024,0.115,0.08,0.013,0.002,0.028,0.004,0.029,0.019,0.003,0.035,0.012,0.007,0.005,0.001,0.006,0.007,0.016,0.007,0.01,0.01,0.006,0.003,0.009,0.091,0.033,0.006,0.015,0.004,0.007,0.004,0.025,0.03,0.008,0.007,0.025,0.1,0.013,0.008,0.014,0.006,0.005,0.08,0.01,0.004,0.008,0.038,0.006,0.021,0.009,0.004,0.013,0.012,0.002,0.007,0.01,0.011,0.024,0.004,0.018,0.007,0.061,0.013,0.016,0.01,0.006,0.01,0.015,0.001,0.005,0.005,0.01,0.016,0.015,0.007,0.043,0.015,0.039,0.003,0.149,0.079,0.012,0.003,0.021,0.024,0.044,0.007,0.011,0.005,0.046,0.004,0.003,0.03,0.008,0.016,0.021,0.004,0.002,0.011,0.012,0.002,0.003,0.035,0.007,0.005,0.063,0.005,0.007,0.016,0.017,0.003,0.025,0.086,0.003,0.006,0.042,0.02,0.019,0.009,0.033,0.008,0.003,0.019,0.119,0.104,0.007,0.025,0.002,0.004,0.004,0.018,0.015,0.022,0.004
Household tenure,%,Owner,0.528,0.811,0.724,0.796,0.38,0.609,0.539,0.321,0.588,0.579,0.697,0.338,0.65,0.668,0.333,0.54,0.494,0.907,0.319,0.404,0.443,0.647,0.401,0.934,0.295,0.656,0.54,0.669,0.627,0.641,0.707,0.512,0.613,0.499,0.478,0.405,0.544,0.561,0.45,0.543,0.418,0.846,0.526,0.447,0.341,0.528,0.515,0.594,0.773,0.371,0.338,0.564,0.89,0.766,0.608,0.7,0.527,0.354,0.391,0.58,0.593,0.618,0.548,0.291,0.521,0.812,0.653,0.59,0.583,0.76,0.697,0.72,0.442,0.465,0.699,0.563,0.743,0.886,0.514,0.6,0.339,0.471,0.448,0.566,0.252,0.434,0.649,0.526,0.5,0.56,0.1,0.464,0.318,0.53,0.653,0.414,0.398,0.827,0.462,0.757,0.847,0.254,0.561,0.567,0.435,0.554,0.836,0.786,0.381,0.453,0.133,0.599,0.665,0.839,0.647,0.564,0.329,0.624,0.62,0.109,0.52,0.376,0.411,0.413,0.594,0.682,0.397,0.368,0.586,0.603,0.619,0.636,0.54,0.53,0.581,0.683,0.485,0.387,0.384,0.452,0.618
Household tenure,%,Renter,0.472,0.189,0.277,0.206,0.62,0.39,0.46,0.679,0.412,0.422,0.301,0.662,0.35,0.332,0.666,0.458,0.505,0.091,0.68,0.595,0.557,0.353,0.598,0.064,0.704,0.344,0.459,0.331,0.373,0.356,0.293,0.489,0.387,0.501,0.522,0.595,0.456,0.439,0.551,0.456,0.582,0.154,0.474,0.554,0.659,0.469,0.485,0.405,0.227,0.631,0.662,0.436,0.111,0.236,0.392,0.299,0.475,0.645,0.608,0.419,0.408,0.385,0.453,0.71,0.48,0.184,0.346,0.41,0.416,0.243,0.305,0.28,0.558,0.534,0.299,0.439,0.257,0.112,0.485,0.398,0.66,0.529,0.552,0.434,0.747,0.566,0.353,0.474,0.5,0.44,0.901,0.537,0.68,0.47,0.348,0.587,0.603,0.174,0.536,0.243,0.154,0.747,0.439,0.433,0.563,0.446,0.165,0.214,0.621,0.546,0.866,0.401,0.333,0.161,0.353,0.436,0.672,0.375,0.38,0.889,0.478,0.626,0.586,0.587,0.406,0.319,0.603,0.631,0.414,0.397,0.381,0.364,0.461,0.47,0.417,0.317,0.516,0.614,0.615,0.547,0.383
Average renter shelter cost,$,,1242,1171,1276,1222,1517,1364,1200,1784,1618,1622,1288,892,1197,997,975,935,1145,2352,1092,1049,1137,1079,1813,1359,1388,1051,1191,986,1249,1101,1114,1314,1045,1221,1061,1254,987,1332,1012,1077,1086,1281,1264,1057,1306,1356,908,1049,1261,1376,1308,1317,1234,897,1218,1112,1104,1149,981,1286,1176,986,815,1181,1181,1931,1020,928,1565,1433,1548,1413,1431,1086,1046,1116,1263,1158,1296,984,1076,963,1029,1368,1362,963,1392,1319,1651,1243,1030,1070,827,1047,1099,1447,1276,1249,1247,1243,1508,993,995,899,1152,1693,1245,1456,805,952,1050,1172,1553,1183,1160,1103,1021,1409,1084,1209,1427,1447,1008,1744,800,1065,1250,941,871,1093,1692,1436,1281,961,1011,1028,1170,1505,1525,1090,1114
Structure type,%,"Apartment, < 5 storeys",0.235,0.121,0.121,0.468,0.367,0.266,0.285,0.023,0.086,0.157,0.463,0.625,0.061,0.58,0.078,0.378,0.272,0.068,0.194,0.116,0.32,0.553,0.274,0.054,0.086,0.223,0.39,0.049,0.745,0.593,0.345,0.011,0.104,0.574,0.48,0.545,0.394,0.347,0.038,0.031,0.462,0.057,0.028,0.082,0.099,0.406,0.165,0.587,0.11,0.012,0.197,0.578,0.025,0.123,0.096,0.242,0.274,0.554,0.051,0.038,0.737,0.539,0.189,0.37,0.047,0.444,0.059,0.203,0.228,0.697,0.484,0.679,0.466,0.586,0.082,0.376,0.148,0.034,0.346,0.023,0.228,0.266,0.015,0.265,0.112,0.559,0.156,0.073,0.083,0.421,0.052,0.355,0.054,0.459,0.309,0.807,0.122,0.148,0.444,0.223,0.017,0.172,0.366,0.245,0.505,0.242,0.226,0.687,0.093,0.054,0.286,0.546,0.266,0.047,0.693,0.059,0.038,0.763,0.133,0.043,0.727,0.496,0.361,0.017,0.078,0.149,0.027,0.161,0.423,0.259,0.095,0.062,0.009,0.029,0.589,0.179,0.521,0.371,0.253,0.156,0.34
Structure type,%,"Apartment, 5+ storeys",0.64,0.543,0.545,0.186,0.581,0.68,0.54,0.974,0.787,0.78,0.375,0.307,0.71,0.228,0.719,0.325,0.6,0.356,0.743,0.827,0.598,0.134,0.667,0,0.907,0.569,0.423,0.672,0,0.204,0.375,0.831,0.662,0.251,0.403,0.344,0.477,0.587,0.855,0.629,0.385,0.561,0.903,0.795,0.886,0.566,0.588,0.206,0.652,0.965,0.748,0.305,0,0.682,0.783,0.429,0.568,0.38,0.84,0.889,0.065,0.24,0.596,0.529,0.855,0.348,0.76,0.535,0.654,0.092,0.339,0.172,0.47,0.311,0.393,0.466,0.758,0.366,0.605,0.791,0.735,0.627,0.774,0.635,0.872,0.334,0.614,0.761,0.887,0.328,0.948,0.554,0.809,0.363,0.416,0.051,0.716,0.406,0.473,0.554,0.727,0.732,0.277,0.58,0.361,0.684,0.21,0,0.854,0.9,0.68,0.203,0.576,0.594,0.174,0.788,0.896,0.085,0.53,0.953,0.024,0.41,0.57,0.962,0.685,0.417,0.945,0.789,0.274,0.439,0.832,0.789,0.883,0.798,0.265,0.56,0.33,0.511,0.712,0.722,0.318
Structure type,%,Duplex,0.036,0.121,0.117,0.112,0.018,0,0.107,0,0.008,0.01,0.029,0.028,0.098,0.094,0.009,0.077,0.038,0.034,0.023,0.013,0.041,0.122,0.017,0.089,0.003,0.079,0.083,0.079,0.125,0.079,0.073,0.011,0.057,0.075,0.028,0.057,0.04,0.004,0.041,0.058,0.037,0.028,0,0,0.004,0.011,0.016,0.055,0.05,0,0.029,0.06,0.481,0.04,0.031,0.009,0.008,0.024,0.033,0.013,0.11,0.084,0.082,0.023,0.012,0.015,0.027,0.047,0.033,0.054,0.077,0.006,0.024,0.023,0.11,0.068,0.009,0.24,0.014,0.045,0.007,0.022,0.056,0.017,0.002,0.03,0.06,0.042,0.01,0.05,0,0.029,0.05,0.062,0.103,0.061,0.006,0.172,0.029,0.026,0.017,0.003,0.074,0.045,0.055,0.028,0.201,0.135,0.013,0.011,0.016,0.07,0.03,0.091,0.02,0.042,0.015,0.054,0.116,0,0.137,0.028,0.007,0.003,0.054,0.236,0.006,0.018,0.066,0.125,0.012,0.049,0.019,0.084,0.028,0.115,0.053,0.062,0.009,0.013,0.093
Structure type,%,"Single-, semi-detached, or row house",0.089,0.214,0.208,0.239,0.031,0.052,0.059,0,0.119,0.061,0.133,0.045,0.135,0.11,0.194,0.238,0.093,0.542,0.039,0.044,0.047,0.176,0.039,0.857,0.004,0.137,0.106,0.21,0.135,0.121,0.207,0.144,0.167,0.104,0.09,0.054,0.081,0.055,0.057,0.289,0.113,0.363,0.06,0.122,0.006,0.022,0.229,0.153,0.166,0.02,0.029,0.059,0.531,0.172,0.08,0.342,0.139,0.04,0.075,0.059,0.088,0.143,0.129,0.08,0.08,0.178,0.16,0.215,0.084,0.161,0.103,0.136,0.035,0.082,0.416,0.093,0.085,0.377,0.03,0.13,0.032,0.078,0.156,0.077,0.013,0.079,0.163,0.124,0.019,0.204,0,0.065,0.089,0.118,0.191,0.078,0.151,0.273,0.06,0.193,0.231,0.092,0.274,0.131,0.075,0.038,0.357,0.196,0.042,0.039,0.019,0.174,0.133,0.272,0.113,0.104,0.049,0.104,0.217,0.003,0.107,0.059,0.06,0.02,0.189,0.192,0.027,0.029,0.243,0.184,0.061,0.107,0.084,0.09,0.12,0.165,0.094,0.06,0.023,0.108,0.257
Bedrooms,%,1 bedroom,0.462,0.255,0.242,0.261,0.598,0.424,0.393,0.574,0.501,0.245,0.49,0.364,0.343,0.412,0.252,0.432,0.372,0.22,0.649,0.366,0.597,0.431,0.485,0.089,0.655,0.409,0.549,0.321,0.406,0.498,0.505,0.26,0.345,0.487,0.384,0.557,0.493,0.363,0.3,0.146,0.403,0.231,0.297,0.338,0.524,0.683,0.24,0.479,0.354,0.484,0.614,0.599,0.16,0.402,0.206,0.238,0.217,0.595,0.449,0.475,0.505,0.401,0.467,0.471,0.217,0.333,0.315,0.38,0.412,0.511,0.53,0.499,0.514,0.474,0.236,0.367,0.243,0.144,0.535,0.342,0.632,0.41,0.19,0.58,0.637,0.474,0.457,0.386,0.591,0.562,0.645,0.418,0.524,0.511,0.563,0.496,0.26,0.234,0.599,0.204,0.233,0.439,0.355,0.415,0.563,0.562,0.143,0.457,0.327,0.275,0.611,0.475,0.226,0.249,0.418,0.327,0.59,0.493,0.257,0.476,0.439,0.508,0.468,0.649,0.332,0.293,0.274,0.51,0.431,0.396,0.488,0.445,0.33,0.306,0.569,0.495,0.527,0.55,0.58,0.408,0.402
Bedrooms,%,2 bedrooms,0.35,0.423,0.389,0.468,0.245,0.434,0.309,0.34,0.313,0.396,0.365,0.506,0.37,0.44,0.422,0.321,0.447,0.322,0.283,0.458,0.251,0.392,0.347,0.161,0.231,0.385,0.325,0.391,0.345,0.221,0.293,0.526,0.465,0.301,0.408,0.279,0.301,0.496,0.44,0.412,0.335,0.344,0.502,0.469,0.368,0.228,0.426,0.296,0.436,0.351,0.248,0.271,0.296,0.196,0.563,0.391,0.499,0.293,0.449,0.39,0.312,0.411,0.316,0.266,0.558,0.53,0.38,0.396,0.442,0.305,0.307,0.335,0.347,0.404,0.331,0.492,0.482,0.414,0.362,0.429,0.203,0.442,0.467,0.286,0.246,0.362,0.338,0.452,0.307,0.299,0.25,0.409,0.276,0.284,0.285,0.305,0.496,0.352,0.258,0.383,0.442,0.293,0.373,0.333,0.238,0.324,0.445,0.311,0.531,0.517,0.263,0.273,0.494,0.407,0.469,0.448,0.283,0.346,0.386,0.416,0.316,0.259,0.348,0.275,0.336,0.402,0.471,0.367,0.217,0.374,0.383,0.338,0.429,0.464,0.235,0.335,0.31,0.289,0.303,0.345,0.298
Bedrooms,%,3 bedrooms,0.117,0.2,0.231,0.229,0.055,0.114,0.196,0.038,0.125,0.308,0.077,0.074,0.205,0.084,0.236,0.101,0.134,0.237,0.03,0.158,0.061,0.146,0.12,0.5,0.025,0.148,0.073,0.17,0.183,0.149,0.141,0.169,0.138,0.127,0.155,0.101,0.1,0.128,0.225,0.395,0.184,0.344,0.177,0.164,0.077,0.056,0.238,0.142,0.16,0.134,0.051,0.092,0.21,0.173,0.182,0.243,0.203,0.053,0.071,0.102,0.11,0.138,0.134,0.094,0.193,0.098,0.21,0.184,0.108,0.122,0.074,0.072,0.096,0.082,0.28,0.096,0.23,0.276,0.04,0.163,0.035,0.102,0.283,0.074,0.019,0.087,0.096,0.111,0.036,0.068,0.041,0.126,0.097,0.116,0.099,0.116,0.211,0.312,0.049,0.312,0.275,0.142,0.24,0.147,0.079,0.057,0.259,0.14,0.122,0.144,0.025,0.159,0.231,0.198,0.08,0.162,0.09,0.09,0.281,0.096,0.141,0.101,0.097,0.043,0.209,0.193,0.203,0.06,0.186,0.154,0.084,0.078,0.213,0.164,0.125,0.073,0.11,0.072,0.045,0.141,0.241
Bedrooms,%,4 or more bedrooms,0.032,0.116,0.129,0.048,0.023,0.018,0.046,0.002,0.042,0.051,0.041,0.017,0.057,0.026,0.058,0.077,0.016,0.237,0.008,0.012,0.014,0.023,0.022,0.25,0.004,0.049,0.036,0.051,0.051,0.043,0.049,0.042,0.041,0.051,0.031,0.023,0.016,0.018,0.023,0.058,0.049,0.075,0.021,0.012,0.006,0.011,0.061,0.041,0.039,0.014,0.011,0.016,0.333,0.12,0.031,0.115,0.075,0.015,0.014,0.017,0.033,0.028,0.055,0.084,0.03,0.045,0.073,0.027,0.038,0.042,0.046,0.042,0.02,0.025,0.146,0.039,0.018,0.161,0.011,0.057,0.02,0.022,0.039,0.019,0.004,0.025,0.077,0.044,0.005,0.041,0,0.022,0.028,0.029,0.019,0.054,0.028,0.102,0.026,0.086,0.075,0.042,0.036,0.036,0.018,0.029,0.145,0.067,0.015,0.019,0.006,0.041,0.049,0.138,0.023,0.035,0.013,0.032,0.076,0.003,0.074,0.08,0.026,0.004,0.058,0.109,0.015,0.017,0.086,0.065,0.026,0.038,0.028,0.032,0.015,0.014,0.031,0.017,0.008,0.081,0.041
Bedrooms,%,No bedrooms,0.039,0.006,0.009,0.011,0.079,0.008,0.054,0.048,0.02,0,0.041,0.034,0.024,0.043,0.027,0.07,0.034,0,0.031,0.006,0.078,0.019,0.025,0,0.086,0.009,0.015,0.072,0.01,0.082,0.022,0.002,0.006,0.031,0.022,0.04,0.091,0,0.009,0,0.032,0.009,0.009,0.017,0.029,0.024,0.036,0.043,0.011,0.012,0.076,0.024,0.025,0.103,0.015,0.017,0.004,0.045,0.019,0.015,0.037,0.025,0.027,0.086,0.003,0,0.019,0.016,0.007,0.015,0.04,0.058,0.025,0.021,0.01,0.006,0.023,0.011,0.052,0.004,0.109,0.029,0.024,0.04,0.093,0.051,0.033,0.009,0.06,0.032,0.063,0.017,0.074,0.06,0.034,0.028,0.004,0,0.073,0.007,0,0.082,0,0.066,0.101,0.027,0.005,0.024,0.004,0.043,0.094,0.05,0.009,0,0.014,0.025,0.021,0.04,0.008,0.007,0.027,0.042,0.064,0.028,0.067,0.009,0.036,0.044,0.077,0.011,0.02,0.096,0.005,0.032,0.059,0.083,0.023,0.072,0.061,0.025,0.01
Household size,%,1 person,0.41,0.188,0.238,0.351,0.583,0.446,0.341,0.497,0.336,0.328,0.463,0.384,0.281,0.517,0.243,0.456,0.326,0.356,0.489,0.278,0.601,0.335,0.498,0.143,0.591,0.291,0.375,0.432,0.347,0.537,0.451,0.194,0.27,0.41,0.313,0.464,0.53,0.358,0.243,0.221,0.373,0.25,0.29,0.221,0.445,0.606,0.223,0.473,0.475,0.251,0.508,0.507,0.272,0.458,0.314,0.166,0.2,0.49,0.311,0.369,0.475,0.373,0.395,0.525,0.228,0.409,0.273,0.412,0.301,0.523,0.493,0.557,0.446,0.47,0.227,0.232,0.338,0.213,0.523,0.291,0.613,0.356,0.177,0.538,0.573,0.518,0.345,0.278,0.514,0.524,0.472,0.372,0.383,0.442,0.452,0.429,0.282,0.289,0.602,0.212,0.208,0.432,0.379,0.415,0.531,0.544,0.245,0.445,0.296,0.262,0.537,0.479,0.261,0.162,0.425,0.319,0.321,0.537,0.201,0.246,0.413,0.487,0.438,0.518,0.409,0.236,0.271,0.443,0.471,0.348,0.322,0.436,0.361,0.265,0.538,0.523,0.479,0.545,0.573,0.291,0.32
Household size,%,2 person,0.297,0.252,0.293,0.309,0.301,0.295,0.284,0.366,0.344,0.321,0.257,0.281,0.295,0.282,0.246,0.293,0.29,0.254,0.306,0.281,0.289,0.281,0.344,0.196,0.328,0.289,0.289,0.226,0.355,0.288,0.298,0.285,0.266,0.344,0.282,0.342,0.264,0.319,0.253,0.221,0.237,0.297,0.304,0.25,0.285,0.289,0.232,0.276,0.309,0.32,0.331,0.336,0.235,0.233,0.298,0.2,0.248,0.323,0.319,0.339,0.373,0.288,0.264,0.276,0.26,0.364,0.275,0.286,0.374,0.29,0.304,0.258,0.411,0.322,0.231,0.264,0.284,0.299,0.313,0.255,0.274,0.276,0.178,0.291,0.298,0.283,0.31,0.289,0.395,0.324,0.287,0.289,0.208,0.278,0.304,0.4,0.288,0.18,0.297,0.271,0.325,0.253,0.222,0.233,0.3,0.324,0.243,0.311,0.281,0.241,0.288,0.31,0.296,0.3,0.324,0.223,0.276,0.304,0.241,0.221,0.395,0.341,0.264,0.386,0.219,0.248,0.268,0.265,0.209,0.255,0.343,0.335,0.265,0.23,0.292,0.298,0.309,0.297,0.327,0.288,0.3
Household size,%,3 person,0.139,0.252,0.164,0.197,0.075,0.136,0.173,0.09,0.181,0.159,0.135,0.159,0.183,0.112,0.176,0.111,0.188,0.237,0.113,0.206,0.079,0.177,0.105,0.268,0.06,0.178,0.161,0.147,0.156,0.089,0.129,0.226,0.197,0.139,0.182,0.116,0.107,0.179,0.218,0.214,0.169,0.151,0.189,0.183,0.138,0.073,0.213,0.146,0.138,0.195,0.1,0.099,0.136,0.133,0.197,0.213,0.2,0.107,0.173,0.16,0.09,0.163,0.163,0.1,0.199,0.121,0.197,0.141,0.186,0.088,0.112,0.102,0.094,0.122,0.186,0.232,0.194,0.19,0.096,0.17,0.063,0.192,0.197,0.11,0.081,0.109,0.175,0.198,0.063,0.098,0.131,0.16,0.147,0.142,0.118,0.119,0.192,0.25,0.065,0.212,0.225,0.119,0.175,0.157,0.093,0.067,0.209,0.128,0.197,0.194,0.093,0.115,0.221,0.206,0.129,0.182,0.167,0.095,0.257,0.15,0.13,0.115,0.143,0.066,0.157,0.213,0.205,0.137,0.137,0.19,0.186,0.144,0.149,0.186,0.095,0.101,0.123,0.096,0.068,0.176,0.202
Household size,%,4 person,0.092,0.174,0.144,0.112,0.029,0.087,0.134,0.037,0.094,0.124,0.081,0.099,0.114,0.067,0.163,0.056,0.126,0.136,0.071,0.128,0.024,0.123,0.039,0.25,0.015,0.154,0.108,0.131,0.098,0.06,0.085,0.196,0.156,0.07,0.136,0.056,0.066,0.097,0.156,0.17,0.11,0.156,0.129,0.183,0.098,0.032,0.171,0.067,0.055,0.145,0.049,0.04,0.16,0.083,0.114,0.196,0.18,0.061,0.129,0.088,0.041,0.119,0.111,0.056,0.149,0.076,0.145,0.114,0.104,0.069,0.069,0.072,0.037,0.064,0.171,0.161,0.131,0.144,0.051,0.18,0.031,0.11,0.209,0.053,0.035,0.059,0.119,0.146,0.02,0.043,0.07,0.102,0.15,0.094,0.095,0.035,0.148,0.203,0.036,0.178,0.158,0.095,0.157,0.099,0.048,0.052,0.127,0.079,0.148,0.156,0.052,0.058,0.152,0.166,0.093,0.155,0.15,0.042,0.157,0.162,0.051,0.038,0.093,0.02,0.122,0.169,0.155,0.082,0.109,0.113,0.116,0.06,0.116,0.186,0.059,0.064,0.064,0.053,0.035,0.129,0.09
Household size,%,5+ persons,0.063,0.142,0.156,0.032,0.013,0.038,0.068,0.011,0.051,0.066,0.068,0.074,0.127,0.021,0.171,0.077,0.071,0.034,0.019,0.11,0.008,0.085,0.015,0.161,0.007,0.083,0.065,0.069,0.051,0.028,0.029,0.099,0.109,0.037,0.091,0.025,0.033,0.053,0.13,0.17,0.114,0.137,0.085,0.171,0.036,0.009,0.161,0.041,0.033,0.089,0.013,0.012,0.198,0.09,0.083,0.213,0.171,0.016,0.065,0.046,0.02,0.06,0.067,0.044,0.166,0.045,0.116,0.055,0.033,0.034,0.029,0.019,0.012,0.023,0.184,0.109,0.054,0.172,0.016,0.091,0.018,0.073,0.238,0.009,0.011,0.033,0.056,0.09,0.008,0.018,0.043,0.074,0.108,0.045,0.038,0.02,0.088,0.086,0,0.126,0.108,0.1,0.074,0.096,0.027,0.009,0.166,0.037,0.082,0.153,0.03,0.037,0.072,0.178,0.029,0.118,0.083,0.023,0.145,0.222,0.003,0.014,0.063,0.01,0.093,0.137,0.103,0.07,0.069,0.093,0.032,0.029,0.107,0.133,0.022,0.009,0.025,0.007,0.002,0.115,0.088
Average total household income,$,1 person,41821,18646,33827,42030,58446,46075,30531,51819,46226,55502,46640,29428,28956,32093,26237,26383,32370,112630,38083,34194,37794,31336,71671,NA,48001,29882,36294,29078,36650,27456,36304,37934,31517,34561,32181,36927,29226,45790,31775,24818,31868,38139,40868,30540,43073,50572,24869,31449,44200,35979,44039,50502,42229,20362,38350,32125,32852,37314,33066,41396,38251,26523,23350,38012,36452,63892,27110,33337,43238,49183,54656,57530,44959,37943,28685,32642,42638,12756,44871,26116,37580,29843,24008,46068,50879,31319,28501,29759,63075,44252,32006,31420,23243,30536,37174,45722,40812,28986,40808,35269,33561,29693,30579,25992,35650,71774,38488,42757,23670,24585,32194,37549,57525,20189,45396,28608,32089,56299,35344,40639,55577,38676,35017,70379,19665,31081,29448,27501,19277,33686,48560,32162,38327,23854,30965,29502,37657,51281,60603,30635,36795
Average total household income,$,2 persons,69575,42853,51075,64553,114213,81449,57291,91155,69468,73707,125685,43374,45178,57403,43322,50331,58271,NA,59087,43670,80649,48892,116369,32060,81301,49224,61482,46621,62577,61659,56740,56741,47234,63291,51131,67514,58752,80167,48032,46160,57680,55172,59809,46683,69417,92042,38930,60711,71426,51777,79391,90095,51436,37281,60329,43153,46485,68203,49671,69869,75683,49677,42650,59237,69943,108728,44746,57220,66121,82847,87876,104372,79989,60105,43030,55001,63372,25854,73044,41944,84684,45900,42792,87230,80114,45827,49080,39097,104532,102065,55697,54246,40841,54543,57877,82091,59059,54277,79559,58418,47929,63093,49648,46478,69526,124908,52167,83062,39625,40309,58932,75619,72388,46277,64208,53063,46292,90119,44123,59466,81799,75271,51394,116212,41829,45991,47807,48191,52936,49356,63396,61088,66949,43220,62574,51494,64653,95239,96618,47151,61210
Average total household income,$,3 or more people,72922,65424,70351,77712,174599,86146,72074,94332,79186,64142,106815,65627,63900,74030,59318,69892,77795,91061,71841,60534,71028,66980,146934,80959,78710,62804,81503,63977,78657,95322,78332,67192,62283,78885,68737,82890,63285,87321,64263,65034,73538,91242,67286,56325,75550,156177,58558,76980,87838,65891,93403,111053,63816,53893,77067,70313,61494,82240,58788,82203,94910,69418,60005,78462,65203,137721,62189,62932,84726,138615,163956,174545,86132,80096,62340,68358,77585,64748,80603,55343,67293,58538,60116,113912,93292,63581,66607,66094,93482,112349,62298,60662,50479,70567,76956,110181,67666,70536,102079,72146,74354,60801,64216,63389,67276,166190,75835,124750,54483,53638,71232,81929,100516,63576,76174,66868,57276,119907,63330,57348,103448,82056,57523,117794,55346,63494,69786,55445,72863,68940,68893,56816,73866,57885,76510,76799,80948,134817,150054,65589,69010
Rental market supply,%,Other Non-Market,0.029,0,0.039,0.04,0.024,0.026,0,0.014,0.033,0,0.034,0.128,0.042,0.005,0.021,0.003,0.011,0.119,0.024,0.012,0.036,0.005,0.015,0.257,0.082,0,0.059,0.027,0.015,0,0.062,0.01,0,0.013,0.011,0.025,0.072,0,0.035,0,0.075,0,0.046,0,0.008,0,0,0.083,0,0,0.024,0.016,0,0,0.078,0,0.043,0.024,0.016,0.001,0.013,0.052,0.006,0.028,0.012,0,0.046,0.087,0,0.003,0.003,0,0.032,0.028,0.04,0.051,0,0.161,0.01,0.051,0.075,0.096,0.011,0,0.01,0.145,0,0.014,0.027,0.003,0,0.072,0,0.027,0.073,0,0.023,0.023,0.018,0,0,0,0.041,0,0.015,0.006,0.102,0.004,0.186,0.039,0.029,0.115,0,0,0.022,0.001,0.014,0.001,0.047,0.032,0.051,0,0.013,0.035,0.004,0.058,0.042,0.027,0,0.083,0.03,0,0.07,0.043,0.168,0,0.126,0,0,0.022,0
Rental market supply,%,Toronto Community Housing,0.099,0,0.017,0.001,0.06,0.019,0.136,0.016,0,0.088,0.048,0.074,0.062,0.116,0.257,0.466,0.087,0,0,0.115,0.18,0,0,0,0.082,0.066,0.05,0.217,0.002,0.256,0.126,0.012,0.138,0.059,0.061,0.006,0.112,0,0.133,0.247,0.279,0,0.002,0.178,0,0,0.332,0.155,0,0,0.063,0.032,0,0.68,0.162,0.099,0.024,0.029,0.079,0.144,0.007,0.128,0.436,0.237,0.095,0,0.244,0.275,0,0.078,0.046,0,0.028,0,0.117,0,0,0,0.08,0.158,0.309,0.063,0.206,0.089,0.073,0.103,0,0,0.024,0.008,0.193,0,0.413,0.081,0,0.042,0,0.084,0.069,0,0,0.546,0.136,0.278,0.106,0.016,0,0.001,0.319,0.175,0.073,0.104,0.018,0,0,0.129,0.07,0.025,0.098,0.026,0,0.069,0.187,0.023,0.447,0.067,0.063,0.147,0.349,0.002,0.023,0.189,0.061,0.229,0.147,0.184,0.053,0,0,0.052,0.184
Rental market supply,%,Apartment,0.442,0.275,0.163,0.433,0.529,0.643,0.56,0.298,0.295,0.809,0.711,0.781,0.321,0.329,0.571,0.054,0.613,0.027,0.856,0.567,0.417,0.461,0.631,0,0.082,0.567,0.499,0.5,0.162,0.076,0.331,0.758,0.542,0.124,0.586,0.417,0.396,0.843,0.469,0.362,0.393,0.51,0.734,0.499,0.944,1,0.579,0.114,0.691,0.595,0.697,0.25,0,0,0.607,0.372,0.717,0.76,0.785,0.505,0.226,0.248,0.291,0.157,0.668,0.572,0.479,0.332,0.511,0.529,0.207,0.128,0.268,0.63,0.132,0.889,0.843,0,0.158,0.6,0.212,0.41,0.584,0.815,0.531,0.409,0.138,0.575,0.057,0.365,0.141,0.717,0.509,0.419,0.539,0.218,0.79,0.155,0.589,0.477,0.785,0.165,0.533,0.418,0.369,0.749,0.303,0.3,0.339,0.696,0.666,0.05,0.841,0.264,0.807,0.597,0.818,0.473,0.19,0.887,0.139,0.262,0.686,0.035,0.247,0.114,0.821,0.719,0.028,0.579,0.225,0,0.705,0.45,0.279,0.479,0.283,0.688,0.86,0.63,0.309
Rental market supply,%,Non-Apartment,0.008,0,0.061,0,0,0.001,0,0,0.006,0,0,0,0.011,0,0.084,0,0,0,0,0,0,0,0,0,0,0,0,0,0.003,0,0,0.084,0.017,0,0,0,0,0.045,0.004,0.081,0.001,0.078,0.005,0,0,0,0.011,0,0,0.019,0.004,0,0,0,0,0,0,0,0.003,0.004,0,0,0.002,0,0.018,0,0,0,0,0,0,0.002,0,0,0.019,0,0,0.118,0,0,0.002,0,0,0,0.001,0,0,0.019,0.002,0,0,0,0,0,0,0,0.143,0,0,0,0.067,0,0.171,0.027,0,0,0,0,0,0,0,0.001,0.037,0,0,0,0.024,0.008,0,0,0,0,0,0,0,0.073,0,0,0.013,0.005,0.002,0,0.049,0.002,0,0,0,0,0,0.011,0
Rental market supply,%,Condo,0.184,0.203,0.439,0.011,0.171,0.219,0.077,0.578,0.595,0.03,0.035,0.017,0.357,0.029,0.067,0.028,0.057,0.508,0.022,0.03,0.11,0.008,0.057,0,0.316,0.042,0.189,0.015,0.061,0.011,0,0.1,0.149,0.083,0.066,0.04,0.006,0.055,0.162,0.163,0.08,0.133,0.214,0.181,0.049,0,0.036,0.016,0.105,0.36,0.055,0.227,0.024,0.116,0.083,0.081,0.077,0.013,0.019,0.296,0.049,0.059,0.055,0.182,0.207,0.152,0.113,0,0.368,0.015,0.091,0.047,0.371,0.082,0.27,0.022,0.099,0.441,0.398,0.083,0.283,0.053,0.127,0.023,0.104,0.041,0.463,0.151,0.756,0.005,0.049,0.017,0.017,0.009,0.023,0.019,0.044,0.178,0,0.145,0,0.279,0.03,0.047,0.036,0.138,0.081,0.025,0.004,0.073,0.074,0.147,0.084,0.382,0.016,0.089,0.059,0.095,0.008,0.055,0.038,0.115,0.05,0.809,0.058,0.194,0.062,0.022,0.029,0.046,0.72,0.488,0.005,0.112,0.035,0.023,0.064,0.097,0.097,0.152,0.254
Rental market supply,%,Non-Condo,0.238,0.522,0.281,0.516,0.217,0.093,0.227,0.093,0.072,0.073,0.172,0,0.206,0.522,0,0.449,0.231,0.346,0.097,0.276,0.257,0.526,0.297,0.743,0.438,0.325,0.203,0.241,0.757,0.657,0.482,0.036,0.155,0.721,0.275,0.511,0.414,0.057,0.197,0.146,0.171,0.279,0,0.142,0,0,0.042,0.633,0.204,0.026,0.157,0.474,0.976,0.204,0.069,0.448,0.14,0.175,0.099,0.049,0.706,0.513,0.209,0.396,0,0.276,0.118,0.306,0.121,0.375,0.653,0.823,0.302,0.26,0.422,0.038,0.058,0.279,0.353,0.109,0.12,0.378,0.073,0.073,0.282,0.302,0.398,0.241,0.135,0.619,0.617,0.193,0.061,0.464,0.365,0.721,0,0.56,0.324,0.377,0.148,0.009,0.089,0.231,0.474,0.091,0.513,0.67,0.151,0.018,0.158,0.585,0.021,0.355,0.155,0.184,0.014,0.398,0.657,0,0.772,0.554,0.065,0.098,0.244,0.494,0.012,0.085,0.581,0.285,0,0.323,0.111,0.163,0.371,0.314,0.474,0.214,0.043,0.133,0.253
Proximity to amenities,%,Unknown,0,0,0,0,0,0,0,0,0,0,0,0.005,0,0,0,0,0,0,0,0,0,0,0,0,0,0,0,0,0,0,0,0,0,0,0,0,0,0,0,0,0,0,0,0,0,0,0,0,0,0,0,0,0,0,0,0,0,0,0,0,0,0,0,0,0,0,0,0,0,0,0,0,0,0,0.004,0,0,0,0,0.003,0,0.004,0,0,0,0,0,0,0,0,0,0,0,0,0.005,0,0,0,0,0,0,0,0,0,0,0,0,0,0,0,0,0,0,0,0,0,0,0,0,0,0,0,0,0.001,0,0,0,0.003,0,0,0,0,0,0,0,0,0,0,0,0,0
Proximity to amenities,%,Low,0.442,0.696,0.907,0.882,0,0.761,1,0,0.38,0.85,0.085,0.407,0.473,0.769,0.822,0,0.276,0.935,0.106,0.579,0.007,0.186,0.132,0.852,0,0.611,0.942,0.865,0,0,0.038,0.396,0.85,0,0.55,0,0.033,1,0.835,1,0.336,0.803,1,0.118,0.002,0.209,0.192,0.024,0.803,0.062,0.021,0.376,0.627,0.481,0.809,0.266,0.72,0.087,0.111,0.777,0.036,0,0.861,0,0.954,0.978,0.435,0.441,0.458,0.043,0.258,0.362,0,0.525,0.526,0.642,1,0.379,0.385,0.997,0,0.519,0.456,0.101,0,0.082,1,0.973,0.331,0,0,0.726,0.786,0,0.038,0,0.54,0.81,0.426,0.502,0.939,0,0.968,0.627,0,0.279,0.967,0.118,0.951,0.99,0.033,0.098,1,0.207,0.515,0.547,0.294,0.213,0.841,0.327,0,0,0.311,0.082,0.898,0.789,0.806,0.302,0,0.499,0.273,0.41,0.752,0.72,0.055,0.332,0,0.227,0.133,0.836,0.961
Proximity to amenities,%,Medium,0.382,0.304,0.093,0.118,0.172,0.239,0,0.241,0.62,0.15,0.848,0.588,0.527,0.231,0.178,0.295,0.637,0.065,0.754,0.335,0,0.672,0.503,0.148,0.102,0.389,0.058,0.135,0.313,0.134,0.701,0.604,0.15,0.463,0.45,0.46,0.835,0,0.165,0,0.585,0.197,0,0.882,0.977,0.686,0.808,0.424,0.197,0.938,0.762,0.472,0.373,0.519,0.191,0.734,0.28,0.658,0.889,0.223,0.577,0.831,0.139,0,0.046,0.022,0.561,0.544,0.358,0.808,0.489,0.537,0.575,0.475,0.47,0.202,0,0.621,0.615,0,0.082,0.477,0.544,0.287,0.314,0.918,0,0.027,0.475,0.616,0,0.274,0.214,0.447,0.796,0.027,0.441,0.19,0.438,0.498,0.061,0,0.032,0.373,0.262,0.397,0.033,0.602,0.049,0.01,0.621,0.381,0,0.793,0.485,0.453,0.622,0.657,0.159,0.673,0.329,0.038,0.689,0.444,0.102,0.211,0.194,0.423,0.32,0.501,0.555,0.384,0.248,0.28,0.647,0.668,0.477,0.357,0.649,0.164,0.039
Proximity to amenities,%,High,0.175,0,0,0,0.828,0,0,0.759,0,0,0.067,0,0,0,0,0.705,0.086,0,0.14,0.085,0.993,0.142,0.365,0,0.898,0,0,0,0.687,0.866,0.262,0,0,0.537,0,0.54,0.132,0,0,0,0.08,0,0,0,0.021,0.106,0,0.552,0,0,0.217,0.152,0,0,0,0,0,0.255,0,0,0.387,0.169,0,1,0,0,0.004,0.015,0.184,0.15,0.253,0.101,0.425,0,0,0.156,0,0,0,0,0.918,0,0,0.612,0.686,0,0,0,0.194,0.384,1,0,0,0.553,0.161,0.973,0.019,0,0.136,0,0,1,0,0,0.738,0.324,0,0.28,0,0,0.346,0.521,0,0,0,0,0.085,0.13,0,0,0.671,0.962,0,0.473,0,0,0,0.271,0.68,0,0.172,0.206,0,0,0.298,0,0.523,0.416,0.218,0,0
In core housing need,%,,0.365,0.448,0.356,0.341,0.234,0.32,0.407,0.178,0.309,0.328,0.344,0.422,0.409,0.418,0.478,0.448,0.369,0.059,0.436,0.522,0.359,0.395,0.198,0.327,0.232,0.466,0.369,0.49,0.358,0.398,0.426,0.401,0.46,0.347,0.448,0.328,0.431,0.319,0.463,0.496,0.402,0.318,0.392,0.549,0.354,0.294,0.525,0.42,0.381,0.364,0.291,0.237,0.316,0.556,0.381,0.477,0.498,0.332,0.425,0.321,0.29,0.474,0.436,0.331,0.439,0.121,0.476,0.415,0.269,0.272,0.249,0.307,0.24,0.363,0.448,0.411,0.301,0.423,0.336,0.493,0.326,0.48,0.519,0.3,0.268,0.428,0.442,0.469,0.167,0.281,0.405,0.469,0.548,0.478,0.387,0.235,0.372,0.427,0.35,0.336,0.339,0.349,0.461,0.478,0.388,0.192,0.333,0.207,0.509,0.579,0.437,0.311,0.302,0.435,0.387,0.453,0.505,0.279,0.483,0.51,0.245,0.267,0.452,0.144,0.517,0.367,0.47,0.524,0.438,0.445,0.246,0.339,0.404,0.49,0.397,0.5,0.363,0.24,0.24,0.435,0.327
Evictions,%,,0.043,0.029,0.061,0.035,0.023,0.015,0.029,0.012,0.03,0.012,0.037,0.099,0.046,0.061,0.113,0.036,0.032,0.03,0.039,0.076,0.036,0.055,0.019,0.026,0.026,0.057,0.029,0.055,0.027,0.023,0.042,0.03,0.047,0.034,0.084,0.024,0.05,0.026,0.048,0.049,0.024,0.033,0.094,0.053,0.034,0.017,0.069,0.038,0.045,0.051,0.013,0.024,0.052,0.011,0.024,0.044,0.068,0.027,0.057,0.035,0.034,0.045,0.038,0.016,0.06,0.019,0.031,0.041,0.033,0.012,0.021,0.018,0.02,0.077,0.062,0.052,0.029,0.016,0.051,0.1,0.054,0.093,0.109,0.021,0.022,0.037,0.013,0.04,0.025,0.009,0.053,0.067,0.057,0.039,0.035,0.011,0.055,0.067,0.027,0.03,0.024,0.025,0.064,0.044,0.094,0.019,0.042,0.022,0.043,0.086,0.06,0.022,0.024,0.031,0.04,0.033,0.058,0.026,0.049,0.024,0.017,0.027,0.041,0.022,0.073,0.056,0.034,0.134,0.044,0.072,0.021,0.012,0.044,0.053,0.043,0.144,0.019,0.019,0.037,0.119,0.02
Apartment buildings - Total,#,,3478,3,3,7,67,45,18,20,9,9,31,34,14,53,19,6,25,0,38,39,21,15,40,0,75,31,59,12,5,3,16,21,24,19,115,11,26,52,29,5,93,4,18,17,41,39,24,15,4,16,27,33,0,4,13,5,20,76,34,27,6,10,22,28,25,10,20,11,13,15,19,34,18,36,5,46,6,1,57,10,43,19,19,38,86,27,3,22,7,7,38,60,14,33,15,13,53,2,14,3,4,22,21,22,14,29,19,6,15,21,104,20,18,1,84,21,17,39,4,32,8,6,44,26,18,11,38,47,3,47,15,5,22,44,33,6,24,32,53,26,20
Apartment buildings - Privately owned,#,,2909,2,2,6,62,43,16,13,9,9,29,30,12,52,15,1,23,NA,37,35,16,15,36,NA,60,29,54,10,4,1,13,21,22,14,112,10,11,52,20,4,69,4,18,16,36,38,19,3,4,16,24,29,NA,0,7,4,19,71,32,22,3,8,15,12,23,10,15,7,12,14,16,34,14,33,2,45,6,0,53,7,18,13,16,36,75,23,1,20,2,5,31,55,7,30,14,10,49,1,13,3,4,2,19,18,11,28,12,6,8,16,88,1,18,1,82,19,15,36,2,29,5,4,40,5,8,6,33,43,0,43,13,3,20,28,18,5,16,32,53,24,13
Apartment buildings - Toronto Community Housing,#,,328,0,0,0,3,1,2,3,0,0,1,1,1,1,4,4,1,NA,0,3,3,0,0,NA,8,2,3,1,0,1,1,0,2,4,2,0,6,0,8,1,20,0,0,1,4,0,5,4,0,0,1,0,NA,4,4,1,0,2,1,5,0,1,7,14,2,0,4,2,0,1,3,0,1,0,2,0,0,0,3,2,15,1,3,2,10,2,1,0,3,2,4,0,6,2,0,1,2,1,1,0,0,17,0,4,2,1,0,0,5,3,7,5,0,0,0,2,2,2,1,1,0,1,3,11,6,2,1,2,2,0,0,2,1,12,6,1,3,0,0,1,5
Apartment buildings - Social Housing,#,,238,1,1,1,2,1,0,3,0,0,1,3,1,0,0,1,1,NA,1,1,2,0,4,NA,7,0,2,1,1,1,2,0,0,1,1,1,8,0,1,0,4,0,0,0,1,1,0,8,0,0,2,4,NA,0,2,0,1,3,1,0,3,1,0,2,0,0,1,2,1,0,0,0,3,3,1,1,0,1,1,1,10,5,0,0,1,2,1,2,2,0,3,5,1,1,1,2,2,0,0,0,0,3,2,0,1,0,7,0,2,2,9,14,0,0,2,0,0,1,1,2,3,1,1,10,4,3,4,2,1,4,1,0,1,4,9,0,5,0,0,1,2
Apartment building units - Total,#,,318040,723,490,331,5203,3195,1713,3536,1116,1601,1861,1509,1632,1616,3777,573,1985,0,3274,3563,1705,476,1865,0,12732,2088,1920,1316,91,427,1012,3668,2197,1639,6146,1248,2431,2356,3401,488,3334,479,1608,3099,3416,2820,3454,735,610,3120,5416,1407,0,1014,1528,447,2430,3314,2820,5306,175,588,2119,2564,2725,429,3872,810,1337,596,1031,1129,1333,1389,670,1603,756,130,3228,1874,4459,1925,3679,2574,12986,1114,603,2866,1329,775,9204,3342,3091,2135,704,367,6409,192,1145,640,467,2354,1072,2493,1595,3271,785,132,1670,2998,7605,1078,1802,332,2797,3388,3668,956,556,5734,221,975,3880,3981,2768,1156,5752,4583,551,2789,2347,1037,3559,6443,1431,673,1160,2237,3417,3981,1188
Apartment building units - Privately owned,#,,249605,476,340,255,4404,3035,1333,2631,1116,1601,1625,924,1262,1266,2781,17,1692,NA,3233,3029,1298,476,1730,NA,11035,1897,1423,964,47,24,682,3668,1817,1173,5660,1114,1431,2356,2656,267,1913,479,1608,2852,3105,2646,2730,67,610,3120,4760,984,NA,0,958,432,2264,2999,2482,4043,63,249,827,1147,2401,429,2641,292,1327,486,918,1129,776,1283,328,1428,756,0,2505,1405,1498,943,3206,2284,11735,600,304,2695,704,691,7376,2838,1815,1637,643,172,5976,16,1014,640,467,587,810,1453,1262,3079,645,132,718,2242,6073,21,1802,332,2668,2902,3395,873,239,5329,149,604,3148,1353,995,374,4967,3610,0,2227,1970,515,3195,4079,541,473,541,2237,3417,3684,530
Apartment building units - Toronto Community Housing,#,,47988,0,0,0,600,90,380,280,0,0,125,210,200,350,996,530,253,NA,0,445,366,0,0,NA,1108,191,203,330,0,350,254,0,380,446,418,0,438,0,566,221,1074,0,0,247,186,0,724,270,0,0,447,0,NA,1014,203,15,0,150,236,1263,0,207,1292,1312,324,0,934,285,0,110,113,0,106,0,250,0,0,0,707,343,2529,255,473,290,1124,326,246,0,375,84,1674,0,1256,354,0,157,144,176,131,0,0,1654,0,1040,312,192,0,0,702,570,848,257,0,0,0,486,273,63,237,219,0,326,620,1522,1608,383,389,726,538,0,0,522,236,1944,335,200,214,0,0,238,198
Apartment building units - Social Housing,#,,19800,247,150,76,199,70,0,350,0,0,111,375,170,0,0,26,40,NA,41,89,41,0,135,NA,589,0,294,22,44,53,76,0,0,20,68,134,551,0,179,0,347,0,0,0,125,174,0,398,0,0,209,423,NA,0,367,0,166,165,102,0,112,132,0,105,0,0,297,233,10,0,0,0,451,106,92,175,0,130,16,126,432,727,0,0,127,188,53,171,250,0,154,504,20,144,61,38,289,0,0,0,0,113,262,0,21,0,140,0,250,186,684,800,0,0,129,0,0,20,80,186,72,45,112,1106,165,399,396,247,13,562,16,0,128,420,555,0,405,0,0,59,460
Median RentSafeTO score,%,,79,89,85,81,78,81,78.5,88,84,93,81,78.5,79,76,74,78.5,79,NA,84,80,74,80,79,NA,78,78,78,82,73,77,83,89,83,74,74,78,79,80,81,69,75,78.5,77.5,84,79,79,71.5,79,86.5,96,76,77,NA,77,75,72,74,75.5,81,78,72.5,75.5,79,76.5,79,77,87,75,80,78,81,83.5,73.5,76.5,88,76,82.5,81,75,80,77,74,75,84,82,79,89,87,81,81,80,75,82.5,75,80,80,86,67,75.5,89,81,69.5,73,71,73,82,78,78,79,80,75,74,81,93,78.5,87,82,73,69,83,79,77.5,87,83,80.5,73,78.5,74,64,81,88.5,86,78.5,80.5,75,78.5,77,76,79,73,78
Above guideline increase applications,#,,822,2,0,1,21,13,6,4,7,4,10,2,8,7,4,0,8,0,21,10,5,2,8,0,20,2,14,3,1,0,3,6,5,2,28,0,6,14,10,0,8,1,2,4,19,14,8,0,1,6,11,6,0,0,3,1,3,22,13,10,1,1,3,1,8,2,2,2,4,4,5,2,3,2,1,7,2,0,17,3,1,1,8,9,28,3,1,9,0,2,9,5,5,3,4,1,19,0,2,1,4,1,2,2,0,8,1,0,2,9,19,0,10,0,16,4,7,3,2,8,0,0,19,2,4,1,18,13,0,24,2,3,8,14,3,2,3,6,23,6,3
Tenant Defense Fund grants,#,,183,0,0,0,1,3,1,0,0,0,2,0,0,1,1,0,4,0,6,2,1,0,5,0,4,0,0,0,0,0,1,3,1,0,4,0,0,7,3,0,1,0,0,0,4,3,0,0,0,3,5,0,0,0,1,0,0,7,2,5,0,0,0,0,2,0,0,0,0,0,1,1,1,0,1,2,0,0,10,0,0,1,1,1,6,1,0,0,0,2,4,1,1,0,1,0,6,0,1,1,0,1,0,0,0,0,0,0,0,0,4,0,5,0,4,1,2,0,0,3,0,0,9,0,3,0,6,2,0,6,2,2,2,1,0,0,1,2,1,0,0
Rooming houses,#,Lapsed,67,0,0,0,9,0,0,0,0,0,0,0,0,0,0,0,0,0,0,0,12,0,0,0,5,0,0,0,1,0,0,0,0,2,0,0,0,0,0,0,0,0,0,0,0,0,0,3,0,0,0,1,0,0,0,0,0,0,0,0,3,0,0,0,0,0,0,0,0,0,0,0,2,0,0,0,0,0,0,0,5,0,0,0,0,0,0,0,5,1,0,0,0,0,0,0,0,0,0,0,0,0,0,0,1,0,0,0,0,0,7,1,0,0,0,0,0,0,0,0,5,1,0,1,0,0,0,0,0,0,0,0,0,0,1,0,1,0,0,0,0
Rooming houses,#,Licensed,360,0,0,0,47,0,0,0,0,0,0,0,0,0,0,2,0,0,0,0,37,0,1,0,9,0,0,0,8,3,0,0,0,6,0,4,6,0,0,0,0,0,0,0,0,0,0,0,0,0,6,6,0,0,0,0,0,0,0,0,1,0,0,15,0,0,0,0,0,0,0,0,2,0,0,0,0,0,0,0,36,0,0,0,0,0,0,0,1,4,5,0,0,0,0,11,0,0,3,0,0,1,0,0,18,3,0,0,0,0,100,6,0,0,0,0,0,0,0,0,4,8,0,1,0,0,0,0,1,0,0,0,0,0,1,0,3,0,1,0,0
Rooming houses,#,Licensed after 2018,19,0,0,0,1,0,0,0,0,0,0,0,0,0,0,0,0,0,0,0,1,0,0,0,0,0,0,0,0,0,0,0,0,0,0,1,1,0,0,0,0,0,0,0,0,0,0,0,0,0,0,0,0,0,0,0,0,0,0,0,1,0,0,0,0,0,0,0,0,0,0,0,1,0,0,0,0,0,0,0,4,0,0,0,0,0,0,0,0,2,0,0,0,0,0,0,0,0,0,0,0,0,0,0,0,0,0,0,0,0,4,1,0,0,0,0,0,0,0,0,2,0,0,0,0,0,0,0,0,0,0,0,0,0,0,0,0,0,0,0,0
Low end of market - Deeply affordable,#,Bachelor,0,0,0,0,0,0,0,0,0,0,0,0,0,0,0,0,0,0,0,0,0,0,0,0,0,0,0,0,0,0,0,0,0,0,0,0,0,0,0,0,0,0,0,0,0,0,0,0,0,0,0,0,0,0,0,0,0,0,0,0,0,0,0,0,0,0,0,0,0,0,0,0,0,0,0,0,0,0,0,0,0,0,0,0,0,0,0,0,0,0,0,0,0,0,0,0,0,0,0,0,0,0,0,0,0,0,0,0,0,0,0,0,0,0,0,0,0,0,0,0,0,0,0,0,0,0,0,0,0,0,0,0,0,0,0,0,0,0,0,0,0
Low end of market - Deeply affordable,#,1 bedroom,0,0,0,0,0,0,0,0,0,0,0,0,0,0,0,0,0,0,0,0,0,0,0,0,0,0,0,0,0,0,0,0,0,0,0,0,0,0,0,0,0,0,0,0,0,0,0,0,0,0,0,0,0,0,0,0,0,0,0,0,0,0,0,0,0,0,0,0,0,0,0,0,0,0,0,0,0,0,0,0,0,0,0,0,0,0,0,0,0,0,0,0,0,0,0,0,0,0,0,0,0,0,0,0,0,0,0,0,0,0,0,0,0,0,0,0,0,0,0,0,0,0,0,0,0,0,0,0,0,0,0,0,0,0,0,0,0,0,0,0,0
Low end of market - Deeply affordable,#,2 bedrooms,2200,0,0,0,25,0,0,0,0,0,0,0,50,25,0,0,0,0,0,25,0,0,0,25,0,25,0,50,0,0,0,50,50,0,25,0,0,0,25,0,25,0,0,25,0,25,25,25,0,100,0,0,25,25,0,25,0,0,25,0,0,0,50,25,0,0,25,0,0,0,0,0,0,0,125,0,0,25,25,50,25,25,25,0,0,25,0,0,0,0,0,25,0,0,0,0,25,0,0,25,0,0,25,0,0,25,100,0,0,25,0,25,0,0,0,50,50,0,0,0,25,0,0,0,100,150,0,25,0,25,25,0,0,275,0,0,25,0,0,50,0
Low end of market - Deeply affordable,#,3+ bedrooms,200,0,25,0,0,0,0,0,0,0,0,0,0,0,0,0,0,0,0,0,0,0,0,0,0,0,0,0,25,0,0,0,0,0,0,0,0,0,0,0,0,0,0,0,0,0,0,0,0,0,0,0,0,0,0,0,0,0,0,0,0,0,0,0,25,0,0,0,0,0,0,0,0,0,0,0,0,0,25,0,0,0,0,0,0,0,0,0,0,0,0,0,0,0,0,0,0,0,0,0,0,0,0,0,0,0,0,0,0,0,0,0,0,0,0,0,0,0,0,0,0,25,0,0,25,0,0,0,0,25,0,0,0,25,0,0,0,0,0,0,0
Low end of market - Very affordable,#,Bachelor,425,0,0,0,0,0,0,0,0,0,0,0,0,0,0,0,0,0,0,0,0,0,0,0,0,0,25,0,0,0,0,0,0,0,0,0,0,0,0,25,0,0,0,0,0,0,25,25,0,0,0,0,25,0,0,0,25,0,25,0,0,0,0,0,0,0,0,0,25,0,0,0,0,0,0,0,0,0,25,0,0,0,25,0,0,0,0,0,0,0,0,0,0,0,0,0,0,0,0,0,0,0,0,25,0,0,0,25,0,0,0,0,0,0,0,0,0,0,0,0,0,0,0,25,0,25,0,0,25,0,0,0,0,25,0,0,25,0,0,0,0
Low end of market - Very affordable,#,1 bedroom,2125,25,50,25,0,0,0,0,25,0,25,25,50,50,0,0,25,0,0,0,0,50,25,0,0,25,25,50,25,25,25,25,50,50,0,0,25,0,75,0,25,0,0,0,0,25,0,25,0,25,0,0,25,0,0,25,0,0,0,50,0,0,25,25,25,0,25,0,0,0,0,0,0,25,175,0,0,25,50,50,0,0,0,0,0,0,25,25,0,0,0,25,0,25,0,0,0,0,0,0,0,0,0,25,25,0,125,25,25,0,0,0,0,0,25,0,0,0,25,0,0,0,0,0,50,25,0,0,25,50,0,25,0,100,25,25,0,0,0,25,0
Low end of market - Very affordable,#,2 bedrooms,17500,100,125,150,100,125,100,125,100,25,25,25,350,275,125,75,200,25,100,175,25,125,50,25,125,650,175,300,175,25,50,175,475,325,150,125,100,25,350,75,125,50,25,175,75,25,150,125,75,150,75,75,100,100,25,50,125,50,250,25,225,100,350,175,50,50,100,75,100,25,25,50,100,150,175,50,25,75,175,275,0,200,275,50,100,100,25,125,25,25,150,200,275,300,50,125,125,100,0,200,0,0,100,125,25,25,100,25,50,200,100,225,25,25,200,200,75,25,175,275,125,175,100,50,150,550,100,150,150,100,0,25,0,600,50,25,50,0,25,325,275
Low end of market - Very affordable,#,3+ bedrooms,5475,100,125,0,25,0,50,0,25,25,0,0,100,25,25,25,0,0,0,25,0,0,0,50,0,100,25,25,25,0,0,100,25,25,25,0,25,0,100,0,0,50,25,25,0,0,25,25,50,25,0,25,125,75,50,25,50,0,0,75,25,25,50,0,75,0,125,0,100,0,0,0,25,0,325,0,0,25,25,125,25,25,150,25,0,0,75,125,0,0,0,50,0,25,0,0,100,0,0,25,25,25,25,25,25,0,225,0,25,100,0,0,0,50,0,100,25,25,25,25,25,25,50,0,150,125,100,50,0,275,50,25,25,425,0,0,0,0,0,150,0
